redshift,system_number,BH1_id,BH1_halo_pynbody,BH1_mass,BH1_mdot,BH1_Lbol,BH1_x,BH1_y,BH1_z,BH2_id,BH2_halo_pynbody,BH2_mass,BH2_mdot,BH2_Lbol,BH2_x,BH2_y,BH2_z,BH3_id,BH3_halo_pynbody,BH3_mass,BH3_mdot,BH3_Lbol,BH3_x,BH3_y,BH3_z,separation_BH1_BH2_kpc,separation_BH1_BH3_kpc,separation_BH2_BH3_kpc,Halo1_Mvir,Halo1_M200,Halo2_Mvir,Halo2_M200,Halo3_Mvir,Halo3_M200
0.21,0,1981809013.0,55611.0,1871162109.3,5.123745884386863,2.908058816626799e+46,6020.37255859375,6905.04248046875,6556.3623046875,1981809455.0,55611.0,63107317.169999994,0.03262229937072798,1.8515275238915712e+44,6016.8125,6908.4599609375,6555.8671875,1982123566.0,55611.0,8765319.975,0.003639758568289161,2.065799560270903e+43,6022.388671875,6904.2041015625,6557.3251953125,4.959670450199172,2.3863675972051075,7.164622710277732,,,,,,
0.25,0,1981809606.0,46466.0,465774040.8,0.15564235720846464,8.833715397554617e+44,-8386.9189453125,4245.8212890625,7216.279296875,1982495406.0,46466.0,15353451.743999999,0.006738245283113843,3.8243921627463824e+43,-8388.8369140625,4244.90576171875,7215.2392578125,1983048877.0,46466.0,2981234.208,0.004144857587279017,2.352476083382425e+43,-8392.654296875,4244.69287109375,7214.26904296875,2.366109823033659,6.1813190683916694,3.9444962667514516,,,,,,
0.29,0,1981809936.0,68672.0,816173792.1,0.10369069108842645,5.885120675884344e+44,4636.9423828125,-3006.582275390625,7258.17041015625,1981810795.0,68672.0,455523858.0,0.007372545256555763,4.1843986251618497e+43,4638.095703125,-3006.88818359375,7260.0283203125,1981827033.0,68672.0,67871223.03,0.011955677235436167,6.785623912223933e+43,4636.91650390625,-3005.22314453125,7258.83056640625,2.2080665118291076,1.5111957798737345,2.365899468931134,,,,,,
0.31,0,1982209764.0,93972.0,7200116.265000001,0.0018342921586162802,1.0410800231892846e+43,-2699.771728515625,-4650.0546875,7977.306640625,1981808887.0,93972.0,237331155.6,0.04598689110670399,2.6100549705171465e+44,-2702.1884765625,-4650.62060546875,7976.20458984375,1982310818.0,93972.0,9049848.165000001,0.002832017791826569,1.6073541690389164e+43,-2702.344482421875,-4648.771484375,7976.24609375,2.715778008947342,3.0643812746142842,1.8561544175376512,,,,,,
0.5,0,1981808650.0,70163.0,448196610.0,0.01090243605133323,6.187841082907932e+43,3718.105224609375,1534.49267578125,4187.509765625,1981811794.0,70163.0,99719066.64,0.06914842329237479,3.9246224646696305e+44,3729.34375,1546.4727783203125,4199.76025390625,1982319035.0,70163.0,7206029.8319999995,0.003162722460030507,1.7950505629995594e+43,3728.59912109375,1549.6219482421875,4199.0439453125,20.49150489669361,21.726804866008194,3.3143387585377218,,,,,,
0.52,0,1981809748.0,67728.0,32884012.05,0.023825392139835366,1.3522458614305422e+44,3660.9716796875,1508.481201171875,4083.0859375,1981811794.0,67728.0,97403019.12,0.008629416565927072,4.897754785880169e+43,3662.142578125,1506.1876220703125,4084.457275390625,1982319035.0,67728.0,7107808.869,0.0026244018368994657,1.489518620238977e+43,3661.999755859375,1509.4278564453125,4082.300537109375,2.9175462046603498,1.6031065452732969,3.895001542785202,,,,,,
0.64,0,1981988797.0,67940.0,23141559.75,0.0068283555469296296,3.875535594343289e+43,6917.43408203125,1019.4756469726562,5531.96044921875,1982190331.0,67940.0,10159906.326000001,0.0193223104958474,1.0966667095312756e+44,6917.68994140625,1016.9487915039062,5530.89453125,1982215810.0,67940.0,3342638.769,0.0021891168175421265,1.2424660796075337e+43,6915.80712890625,1019.5225830078125,5529.31640625,2.7543862648204045,3.1048579167072634,3.5580702819592034,,,,,,
0.7,0,1981809606.0,51905.0,386183800.5,0.005208611635493794,2.956225646384731e+43,-6009.49609375,3190.197265625,5002.62890625,1981813029.0,51905.0,9164575.347000001,0.016612470779181855,9.428656925115233e+43,-6014.43017578125,3195.125732421875,5002.75634765625,1981844761.0,51905.0,12826725.933,0.008324185926271693,4.724516558851921e+43,-6015.86962890625,3195.199951171875,4999.345703125,6.9750406286293725,8.742324395083752,3.7027057458660364,,,,,,
0.77,0,1981808792.0,95927.0,514972130.70000005,0.02066032872004118,1.1726079404485012e+44,2890.47705078125,-5650.59912109375,4026.644287109375,1981808997.0,95927.0,162349316.25,0.05700880669302259,3.2356203189974557e+44,2890.15576171875,-5657.32568359375,4018.1826171875,1982953950.0,95927.0,3888359.4570000004,0.00307261219621472,1.7439071314026542e+43,2890.642578125,-5651.15576171875,4024.052734375,10.8143297339619,2.6558225961038624,8.530134931639745,,,,,,
0.77,1,1981811972.0,94699.0,377797287.3,0.31988905267663037,1.8155782916817883e+45,3420.1083984375,-6860.826171875,4363.96630859375,1981945667.0,94699.0,49787057.28,0.11471322648079246,6.510721202386387e+44,3421.399169921875,-6861.68310546875,4364.205078125,1982053293.0,94699.0,10073273.565,0.006217989622395394,3.529113260320227e+43,3419.033935546875,-6860.5302734375,4362.67919921875,1.5676214779168713,1.7025501260926394,3.0416544474177765,,,,,,
0.77,2,1981817577.0,45213.0,78696435.51,0.04285868230803658,2.432508788827403e+44,-3056.40771484375,1044.728515625,367.2946472167969,1982163700.0,45213.0,18183720.75,0.024762920302625648,1.405456678304698e+44,-3055.880859375,1044.8812255859375,365.0877990722656,1983514870.0,45213.0,1711382.3076,0.0019067522532973558,1.0822058365972092e+43,-3053.4404296875,1047.240478515625,365.98419189453125,2.2739999450620783,4.102685938995696,3.5107394573906694,,,,,,
0.77,3,1982190331.0,69638.0,8183082.512999999,0.003122091789753357,1.7719900167525315e+43,6421.79296875,943.9566040039062,5134.6923828125,1982215810.0,69638.0,2768963.037,0.0028593941481667934,1.622892030638357e+43,6420.25634765625,946.24169921875,5134.09423828125,1983007195.0,69638.0,7241332.035,0.004630060832147007,2.627860461517552e+43,6421.79638671875,948.707275390625,5137.3154296875,2.8179143718224533,5.426717720274926,4.338992999423081,,,,,,
0.84,0,1982076614.0,115436.0,20763987.24,0.009059657317606258,5.141944376742855e+43,-4991.75439453125,-2000.383544921875,5728.58642578125,1982265886.0,115436.0,26893389.48,0.002586665184089838,1.468100617006728e+43,-4993.28857421875,-2000.640869140625,5728.09619140625,1983756145.0,115436.0,2890201.116,0.003078567102008684,1.7472869274907249e+43,-4990.9228515625,-2001.2044677734375,5725.49609375,1.63102814492103,3.303865932580319,3.560167822903777,,,,,,
0.91,0,1981809455.0,66434.0,46359975.96,0.0021829139893291983,1.2389455714325294e+43,3705.00341796875,4149.4697265625,4063.8544921875,1981812636.0,66434.0,80668819.17,0.002756859156969846,1.5646967586847565e+43,3704.2548828125,4150.001953125,4063.098388671875,1982253278.0,66434.0,4027696.635,0.005321273303957659,3.0201684658892225e+43,3702.068115234375,4145.05322265625,4065.784423828125,1.189648065737621,5.6432388779703775,6.040419733237438,,,,,,
0.91,1,1981809936.0,77998.0,481856155.5,0.014780800876920004,8.389065202845434e+43,3068.109619140625,-1802.818359375,4929.05322265625,1982192857.0,77998.0,25701517.02,0.0037016438182536538,2.1009234619707884e+43,3072.94970703125,-1812.6199951171875,4924.75634765625,1982438806.0,77998.0,8127112.692,0.01188959637530459,6.748118729052868e+43,3071.624755859375,-1812.36962890625,4925.93603515625,11.74570767459872,10.644237582854178,1.791603037809544,,,,,,
0.98,0,1981839323.0,114422.0,11373879.996,0.0049419043255543695,2.804851912864577e+43,-4951.0595703125,-2350.732177734375,2723.998779296875,1981863937.0,114422.0,7343933.4180000005,0.0026122870125420096,1.4826426699909486e+43,-4949.9599609375,-2349.8173828125,2725.439208984375,1982231187.0,114422.0,5315719.314,0.0021049471563038243,1.1946943260936829e+43,-4955.546875,-2352.746337890625,2724.10791015625,2.0299823179790324,4.919822561632932,6.447072448887283,,,,,,
1.0,0,1981925789.0,37820.0,4003982.634,0.001831126380035662,1.0392832380792134e+43,-5988.50830078125,3094.734619140625,-5349.0625,1981809097.0,37820.0,71477702.46000001,0.019579577682910885,1.1112682945522758e+44,-5986.91259765625,3095.938720703125,-5343.8134765625,1982241422.0,37820.0,25569108.87,0.002334647277474035,1.3250640746373718e+43,-5987.30712890625,3094.199462890625,-5346.8193359375,5.61679411082283,2.600190588494732,3.4951199160893234,,,,,,
1.06,0,1981809097.0,38161.0,65992620.18,0.07740280952223046,4.393112534107316e+44,-5795.37255859375,2990.695556640625,-5145.59033203125,1982241422.0,38161.0,24336817.080000002,0.0021290194696374706,1.208356928534571e+43,-5805.6728515625,2987.3662109375,-5166.6904296875,1982385665.0,38161.0,3195396.924,0.002516712920031361,1.4283981604781673e+43,-5793.908203125,2992.10302734375,-5147.5517578125,23.714862410654725,2.823561901989292,22.959380297895812,,,,,,
1.14,0,1982609533.0,109341.0,3642717.4499999997,0.001871985901776471,1.0624736724064874e+43,-1350.3546142578125,-138.36636352539062,2573.205322265625,1981810971.0,109341.0,40311412.38,0.02178575346997327,1.236483109911197e+44,-1350.5916748046875,-136.28416442871094,2574.348876953125,1982816159.0,109341.0,5981144.933999999,0.006717505619219732,3.812621055474079e+43,-1347.867431640625,-136.8417205810547,2577.3017578125,2.387355881388781,5.0290553455548785,4.05609110469931,,,,,,
1.19,0,1981808916.0,89425.0,29472859.53,0.010097594060076988,5.731040940692396e+43,3556.1689453125,-1674.539794921875,4936.90283203125,1982379053.0,89425.0,14423787.243,0.002657399357315818,1.5082468578094628e+43,3556.202880859375,-1677.21435546875,4939.4033203125,1982807176.0,89425.0,10393223.424,0.002531469071698549,1.4367732356523693e+43,3548.74755859375,-1674.2044677734375,4950.52099609375,3.661538936691864,15.512698590473697,13.720202943094911,,,,,,
1.19,1,1981810971.0,109838.0,38173170.089999996,0.004591170386541431,2.6057876058807283e+43,-1336.1888427734375,-120.46882629394531,2492.27294921875,1982033306.0,109838.0,17868250.866,0.0030706717265124436,1.742805788722234e+43,-1336.36962890625,-119.76213073730469,2493.64404296875,1982330381.0,109838.0,5441198.436,0.0032937589939306703,1.8694223129471445e+43,-1334.251953125,-120.88387298583984,2492.332275390625,1.5530615914644095,1.9817479308293167,2.7319572774224405,,,,,,
1.22,0,1981810195.0,24095.0,374874352.5,0.09342288875225296,5.3023561558467995e+44,2492.469482421875,-1021.4047241210938,-3885.6220703125,1982245919.0,24095.0,22395096.360000003,0.022178376762313483,1.2587670336784202e+44,2496.859130859375,-1016.0914916992188,-3880.89697265625,1982259168.0,24095.0,31030297.95,0.0084422351396092,4.79151716024554e+43,2494.728759765625,-1019.344482421875,-3886.53466796875,8.356195308560537,3.19088772246452,6.848652281679781,,,,,,
1.32,0,1981808792.0,101310.0,448389746.7,0.0019262236986636878,1.0932571474248156e+43,2142.178466796875,-4360.18701171875,3063.4296875,1981811455.0,101310.0,23043000.3,0.011762965232079862,6.67624732465002e+43,2141.8720703125,-4361.380859375,3062.6630859375,1983251148.0,101310.0,9635789.073,0.01144119053869746,6.493619271820648e+43,2140.966064453125,-4362.478515625,3064.879150390625,1.4514919867496408,2.970160309947677,2.6337497073165665,,,,,,
1.48,0,1981808650.0,77960.0,255527818.49999997,0.06818629359724115,3.870015350932828e+44,2240.63818359375,892.6876220703125,1970.709228515625,1982040170.0,77960.0,42657724.620000005,0.0022506778612664353,1.2774059731937367e+43,2242.05615234375,893.7991943359375,1971.463134765625,1982607859.0,77960.0,2651368.6709999996,0.0019098655867508852,1.0839728556888903e+43,2243.699951171875,889.7454223632812,1968.37109375,1.9531008451875496,4.847456446502276,5.3568516346773825,,,,,,
1.48,1,1981814168.0,114939.0,14899799.520000001,0.0021646344786694243,1.2285707610228717e+43,-3936.771240234375,-2549.9453125,2430.1923828125,1982130233.0,114939.0,8838632.277,0.004892510551314605,2.7768177355447923e+43,-3935.474853515625,-2551.3203125,2427.14453125,1982194976.0,114939.0,77352443.00999999,0.05506213893027203,3.12513427073811e+44,-3935.049072265625,-2549.25439453125,2427.970947265625,3.586173820603943,2.8944785438917937,2.2654514246253856,,,,,,
1.5,0,1981810849.0,110151.0,157666049.94,0.0038248517250011435,2.170851957173287e+43,-1022.9920654296875,-198.17881774902344,2580.341796875,1981985461.0,110151.0,16280707.013999999,0.002366891495155843,1.3433647639437142e+43,-1024.6226806640625,-198.3614501953125,2582.265625,1982072103.0,110151.0,10798272.897,0.003793651642122281,2.153143882233068e+43,-1012.1890258789062,-195.5991668701172,2576.4013671875,2.5285124693294234,11.785043415911419,14.021964918532577,,,,,,
1.59,0,1982163700.0,50151.0,6595658.126999999,0.0018339345782043127,1.0408770730639e+43,-2081.489990234375,962.8580322265625,65.32608032226562,1981817577.0,50151.0,41149466.37,0.007448161594339804,4.2273158116765013e+43,-2080.478271484375,964.3814697265625,65.90735626220703,1982224093.0,50151.0,1455404.5005,0.0021111261458226214,1.198201304260328e+43,-2081.1220703125,964.2935180664062,66.06997680664062,1.9189367795377152,1.6581214203941481,0.6698192794263556,,,,,,
1.67,0,1981808997.0,103470.0,142104607.89000002,0.13457228901369708,7.637852078738719e+44,1871.7734375,-3864.03369140625,2646.942138671875,1981811455.0,103470.0,18357942.0,0.004716461795155984,2.676898623813801e+43,1876.970458984375,-3866.798583984375,2649.470458984375,1983251148.0,103470.0,9027428.379,0.002891519172377946,1.641125069902905e+43,1875.0738525390625,-3868.5439453125,2647.150146484375,6.406720446548775,5.592709270020599,3.468032910998889,,,,,,
1.67,1,1981810590.0,58993.0,81540124.53,0.0031501451650069066,1.7879121305893674e+43,-3739.03759765625,2254.218017578125,2979.9677734375,1981826424.0,58993.0,45791516.910000004,0.00919262955346987,5.217414763369186e+43,-3740.740966796875,2252.249755859375,2982.16845703125,1982777836.0,58993.0,3761247.633,0.002600791994231964,1.4761184999602534e+43,-3738.1611328125,2253.879638671875,2977.12646484375,3.4085963243732267,2.992611807676074,5.893534303644133,,,,,,
1.79,0,1981808887.0,107263.0,95596095.86999999,0.029036864418624905,1.648030786169323e+44,-1443.85791015625,-2527.238525390625,4166.2802734375,1982096562.0,107263.0,22714667.91,0.00326819914608324,1.854915437984657e+43,-1444.4552001953125,-2527.53857421875,4165.9560546875,1983464709.0,107263.0,9473713.533,0.004404432359934398,2.499801638401575e+43,-1450.23779296875,-2533.714111328125,4188.1298828125,0.742901398487061,23.665196973092545,23.73297898473178,,,,,,
1.79,1,1981808997.0,103286.0,126468300.48,0.005041025615751735,2.861109687621174e+43,1763.1053466796875,-3680.5517578125,2565.634033203125,1981810104.0,103286.0,159693387.96,0.09135321332778562,5.184888623274225e+44,1766.5142822265625,-3671.13623046875,2537.597412109375,1981870146.0,103286.0,7335331.866,0.004622093940568372,2.6233387327239835e+43,1760.00048828125,-3682.503662109375,2559.00146484375,29.771212925881258,7.5789866803082155,25.095447537794143,,,,,,
1.79,2,1981810910.0,50756.0,11513416.284,0.004245189883138246,2.409421182563657e+43,-1931.361083984375,920.5409545898438,39.1558837890625,1981817577.0,50756.0,31876515.449999996,0.173672038353744,9.857016989760215e+44,-1933.0765380859375,920.682861328125,36.75708770751953,1982667197.0,50756.0,3757145.967,0.0024664895592358318,1.3998931388674898e+43,-1931.5467529296875,918.67431640625,38.5858268737793,2.9524808107358003,1.9605550113082344,3.1174961532751166,,,,,,
1.9,0,1981808997.0,103479.0,119169724.32,0.005310450536822112,3.01402584209425e+43,1676.8731689453125,-3507.278076171875,2469.078857421875,1981815280.0,103479.0,13097854.020000001,0.004525799919494962,2.5686856169587613e+43,1675.187255859375,-3513.19189453125,2468.70068359375,1982097852.0,103479.0,9537926.508,0.0025726623351571944,1.460153090096669e+43,1678.6439208984375,-3509.99609375,2470.89404296875,6.16105234235961,3.7172678951181855,5.193505672820186,,,,,,
1.9,1,1981810590.0,58948.0,37333125.0,0.07436480634215535,4.220686107580606e+44,-3451.9111328125,2134.29541015625,2768.4482421875,1982495406.0,58948.0,10735772.268000001,0.006069474557958265,3.4448213082438463e+43,-3452.787109375,2134.7958984375,2771.1953125,1982599482.0,58948.0,4259281.476,0.003013725853971927,1.710485304754327e+43,-3452.139404296875,2132.728515625,2769.110107421875,2.9264686500177555,1.7161969383244444,3.0069376081800585,,,,,,
1.9,2,1981814060.0,62831.0,204557649.6,0.01118506760895227,6.348252862011878e+43,-3934.030517578125,3460.014892578125,3906.541748046875,1981860970.0,62831.0,6805261.223999999,0.0019460479567031607,1.1045087023761345e+43,-3934.45654296875,3457.156005859375,3909.696533203125,1981871678.0,62831.0,39815827.59,0.003974339408158826,2.255695933590715e+43,-3936.34912109375,3450.999755859375,3905.561279296875,4.278714793743287,9.36001769710665,7.65386117530782,,,,,,
2.0,0,1981808889.0,123032.0,103970264.25,0.007067600681229957,4.0113227582339094e+43,-2798.07763671875,-1359.5223388671875,3310.086181640625,1981808959.0,123032.0,80100559.23,0.008087420016161005,4.590136515830633e+43,-2800.9521484375,-1362.4140625,3312.292236328125,1982646574.0,123032.0,30944481.539999995,0.007816707805607547,4.4364897409061735e+43,-2801.878173828125,-1366.5240478515625,3325.637451171875,4.635899100933726,17.47312207521022,13.99443681753524,,,,,,
2.0,1,1981810590.0,59864.0,29260210.05,0.01883075662286287,1.0687678322950802e+44,-3331.16357421875,2073.642333984375,2677.71533203125,1981838687.0,59864.0,14046633.081,0.010802504245535405,6.131123287867131e+43,-3332.55126953125,2073.421630859375,2680.34912109375,1982777836.0,59864.0,2608062.2460000003,0.0020629338417670674,1.170849039361835e+43,-3330.164306640625,2074.809814453125,2674.621826171875,2.98517218522883,3.454174986822755,6.35818784350641,,,,,,
2.0,2,1981814060.0,62992.0,197317412.67000002,0.5249947931117226,2.9796866808791844e+45,-3777.872314453125,3324.59619140625,3785.55810546875,1981871678.0,62992.0,15786316.884,0.058169751097210114,3.301511459705638e+44,-3784.724365234375,3332.189453125,3780.431640625,1982238544.0,62992.0,143984405.39999998,0.18149113002876466,1.0300801263934423e+45,-3779.716552734375,3326.8701171875,3787.08203125,11.440667167279523,3.3006519179428477,9.879332786996455,,,,,,
2.01,0,1981808889.0,123025.0,103594543.67999999,0.011328910289339692,6.4298929324499e+43,-2787.454833984375,-1358.9488525390625,3294.9111328125,1981808959.0,123025.0,79726232.42999999,0.1495653973005492,8.48880842446776e+44,-2786.80029296875,-1358.1871337890625,3294.720703125,1982646574.0,123025.0,30699178.02,0.0074740980935545055,4.2420364607710597e+43,-2781.370361328125,-1357.1728515625,3307.738037109375,1.0222049017287662,14.307496664846553,14.140859596140023,,,,,,
2.01,1,1984091145.0,123026.0,1432982.7234,0.001769570104050179,1.0043460504946817e+43,-2794.201904296875,-1322.5777587890625,3276.067626953125,1981808707.0,123030.0,6664291.3440000005,0.004044310743172608,2.295409214125963e+43,-2795.756103515625,-1319.4263916015625,3257.219970703125,2000729893.0,123026.0,1615086.7382999999,0.0022243074978185455,1.2624390779470444e+43,-2795.099365234375,-1323.9031982421875,3274.338623046875,19.17239673280779,2.356200412967122,17.706534413424347,,,,,,
2.25,0,1981808792.0,102653.0,63778317.870000005,0.005119740983772828,2.9057857752224926e+43,1471.3018798828125,-3071.84912109375,2129.925537109375,1981808997.0,102653.0,108912174.45,0.005344253805100098,3.033211393947269e+43,1467.3250732421875,-3072.5703125,2129.889404296875,1981811455.0,102653.0,14422652.316,0.009364315828602488,5.314857883570488e+43,1468.1990966796875,-3074.519775390625,2129.4931640625,4.041832960614171,4.116625369240625,2.1728619041625383,,,,,,
2.25,1,1981809013.0,73819.0,239529330.00000003,0.058680852699382204,3.33051979762727e+44,2188.001953125,2315.66748046875,2410.62939453125,1981810903.0,73819.0,14327477.736,0.003290059228601514,1.8673224556498326e+43,2187.186279296875,2318.76025390625,2410.904541015625,1982929044.0,73819.0,1227353.862,0.0020357005175916294,1.155392357812548e+43,2187.9580078125,2315.660888671875,2411.688232421875,3.210339065808716,1.0597699377223169,3.2887386606587135,,,,,,
2.25,2,1981810104.0,102652.0,35292446.61,0.0026965949382062723,1.530492897553281e+43,1544.37646484375,-3289.607421875,2239.675537109375,1982791659.0,102652.0,1416066.3377999999,0.002564204366479459,1.4553526431309065e+43,1547.4638671875,-3290.348388671875,2239.104248046875,1983245690.0,102652.0,5054327.706,0.004022956040969914,2.2832890326379976e+43,1537.1480712890625,-3299.479736328125,2248.367919921875,3.226058929901362,15.008990139308972,16.601589431292062,,,,,,
2.25,3,1981810910.0,43942.0,10524476.736,0.0022605232419426044,1.2829938666459912e+43,-1677.15771484375,869.7269287109375,-61.03774642944336,1981817577.0,43942.0,19765868.721,0.010765935688738206,6.110368255044472e+43,-1675.947998046875,864.411865234375,-57.16432189941406,1983190865.0,43942.0,2774239.4519999996,0.002902494507155932,1.6473542857513742e+43,-1675.151123046875,862.4895629882812,-53.318355560302734,6.687057056610392,10.770091393917571,4.372838068410431,,,,,,
2.25,4,1981833522.0,100787.0,7135584.714,0.001970859269554873,1.1185907350761504e+43,562.6220703125,-2414.572509765625,788.3973388671875,1982128028.0,100787.0,25875539.16,0.05689104354401466,3.2289364948681254e+44,562.2472534179688,-2414.7265625,788.90234375,1982304487.0,100787.0,3319064.145,0.006186713255695311,3.5113618893532585e+43,560.8574829101562,-2416.177978515625,788.849365234375,0.6474950818801107,2.428091111216701,2.0101933334672046,,,,,,
2.38,0,1981808889.0,121567.0,71087645.97,0.0377526724120833,2.1427095397866306e+44,-2497.0029296875,-1239.807373046875,2974.08837890625,1981808959.0,121567.0,63290896.589999996,0.0019566990852409633,1.1105539101109222e+43,-2498.861572265625,-1246.907470703125,2980.250244140625,1982102827.0,121567.0,9109262.589,0.00677514758162888,3.845336615686068e+43,-2498.662841796875,-1246.3521728515625,2979.271728515625,9.583033033862774,8.512157533040332,1.1425157904942336,,,,,,
2.38,1,1981984676.0,90076.0,8050495.164,0.0036828350885841675,2.0902482853755612e+43,1281.1044921875,-70.1477279663086,1637.6947021484375,1982443965.0,90076.0,2599819.0919999997,0.0023355340768957144,1.3255673909483256e+43,1279.5328369140625,-69.78718566894531,1637.84765625,1983265601.0,90076.0,4760461.257,0.0023297031323112325,1.3222579509037214e+43,1278.96337890625,-70.09059143066406,1638.72509765625,1.6197178778715406,2.376835200296979,1.0891468681072787,,,,,,
2.5,0,1982593032.0,61183.0,7424632.701,0.006041011157165659,3.428666478263236e+43,-3455.429931640625,2868.7900390625,2731.7578125,1982614376.0,61183.0,3011140.5300000003,0.0026511917613640636,1.5047236436327872e+43,-3456.123779296875,2869.2509765625,2731.4375,1983197252.0,61183.0,1301709.5004,0.0031387168950404282,1.7814258445820774e+43,-3455.13330078125,2869.02783203125,2731.1162109375,0.8924617900202328,0.7457800799987426,1.0649262103186372,,,,,,
2.51,0,1981808887.0,105928.0,65345313.57,0.03909202560314842,2.2187265387506657e+44,-1183.4893798828125,-2003.9202880859375,3401.693359375,1982096562.0,105928.0,16300578.191999998,0.002048878547707335,1.1628717464333864e+43,-1182.05078125,-2005.7132568359375,3400.26611328125,1982294342.0,105928.0,1399177.8276,0.004770027340868703,2.707300552596406e+43,-1184.3060302734375,-2003.014404296875,3400.39794921875,2.7057964404092174,1.7792219571233507,3.5195644474474967,,,,,,
2.52,0,1981808887.0,105842.0,65053418.31,0.015191398544635113,8.622106066820329e+43,-1180.053955078125,-1997.3084716796875,3392.154052734375,1982096562.0,105842.0,16168807.193999998,0.006601744920518817,3.746919334882922e+43,-1178.5126953125,-1998.1002197265625,3390.6513671875,1982209764.0,105842.0,4229335.3319999995,0.01117519838958197,6.342651438551263e+43,-1179.9755859375,-1997.2667236328125,3390.821533203125,2.293558477050852,1.3354747930166626,1.6922532883357289,,,,,,
2.52,1,1981839323.0,118178.0,5965455.066000001,0.022568806894793632,1.2809264813687405e+44,-2825.51318359375,-1216.91455078125,1231.2210693359375,1982125023.0,118178.0,4770098.181000001,0.04036415367676368,2.2909280753574723e+44,-2825.233642578125,-1217.3121337890625,1230.9940185546875,1983117804.0,118178.0,1170553.7523,0.00339005301500408,1.9240754287123667e+43,-2824.892578125,-1218.4678955078125,1230.6820068359375,0.5364396375959986,1.7574468317101901,1.2447736438207304,,,,,,
2.52,2,1981890562.0,114145.0,30319077.03,0.009422959016165144,5.348141704133553e+43,-125.87188720703125,-2538.338623046875,413.022705078125,1982041737.0,114145.0,15865980.795,0.0039554353237128154,2.2449666369620517e+43,-125.62088775634766,-2538.9814453125,412.61590576171875,1982433018.0,114145.0,5744403.144,0.003519520962830413,1.9975569041099314e+43,-126.00413513183594,-2540.502197265625,412.6979675292969,0.8010660854482083,2.1918023152815853,1.5704455378809556,,,,,,
2.65,0,1981808660.0,77995.0,85255716.24000001,0.002361751872701165,1.3404476941415205e+43,1522.411865234375,549.0513916015625,1161.8167724609375,1982126683.0,77995.0,8343784.194,0.002461245046526976,1.3969165370285165e+43,1521.75146484375,552.3818969726562,1163.39453125,1982186600.0,77995.0,7886966.121,0.016647418304778137,9.448491917369482e+43,1520.4102783203125,546.0289916992188,1160.52734375,3.74402423860823,3.847580765211264,7.097813104335491,,,,,,
2.65,1,1981808887.0,103992.0,63949751.58,0.011935986474083827,6.774448125319423e+43,-1147.81591796875,-1926.9146728515625,3290.8134765625,1982096562.0,103992.0,14693143.251,0.020299077149177572,1.1521045657813182e+44,-1149.34814453125,-1928.392578125,3292.46923828125,1982142775.0,103992.0,5380350.42,0.0030760449681696074,1.7458554526063458e+43,-1144.1431884765625,-1927.6290283203125,3286.24267578125,2.696936985797572,5.906899816349732,8.151359175123657,,,,,,
2.65,2,1981813029.0,58592.0,6014834.346,0.0035029387671927778,1.988145430295432e+43,-2652.336669921875,1401.57421875,1910.5667724609375,1982252697.0,58592.0,29411334.540000003,0.08198842072530049,4.653375774900458e+44,-2645.58984375,1404.3052978515625,1917.965576171875,1982350594.0,58592.0,1198885.1142,0.003203605820465447,1.8182545273351926e+43,-2644.11767578125,1402.576904296875,1918.9432373046875,10.378860862612592,11.778047642462642,2.471931248783229,,,,,,
2.65,3,1981817427.0,25739.0,2604936.219,0.004274354141538307,2.425973794790021e+43,1500.6920166015625,-479.33209228515625,-2170.0693359375,1982259168.0,25746.0,29189725.110000003,0.002233289917767167,1.2675371850967042e+43,1501.1781005859375,-500.6241149902344,-2168.5654296875,1982494268.0,25746.0,2402222.3279999997,0.00455858765940296,2.5872947904556884e+43,1501.640869140625,-498.30810546875,-2168.294921875,21.35060286086127,19.082398768236843,2.377231439182432,,,,,,
2.65,4,1981826424.0,60676.0,27722881.740000002,0.002869282438492399,1.6285042781056575e+43,-2720.096435546875,1735.756591796875,2256.578857421875,1982357923.0,60669.0,11284380.051,0.002121967983913473,1.2043547520619875e+43,-2733.27294921875,1737.266357421875,2232.956787109375,1982495406.0,60676.0,7549116.272999999,0.0024580601969910534,1.3951089279117583e+43,-2719.411865234375,1735.153564453125,2256.0146484375,27.090627726876953,1.072665030713688,26.986265254342605,,,,,,
2.79,0,1981808660.0,77156.0,63667612.71,0.03941937855095752,2.237305946229203e+44,1467.1903076171875,527.5848999023438,1105.3829345703125,1981813781.0,77156.0,15605086.961999997,0.09072530212437084,5.149250581256698e+44,1465.886474609375,526.9891967773438,1105.1007080078125,1982040170.0,77156.0,23215031.34,0.5141386518043921,2.9180710228124366e+45,1465.032958984375,526.2042236328125,1104.677490234375,1.4609909506826941,2.6567031817369045,1.2344168840014358,,,,,,
2.79,1,1981811108.0,83018.0,10405966.464000002,0.007658800295682739,4.3468669655363577e+43,1534.0362548828125,-570.2861328125,2551.2958984375,1981833629.0,83009.0,8877876.858,0.004317444965049793,2.4504306378996944e+43,1520.783935546875,-560.2627563476562,2549.2587890625,1984156384.0,83018.0,1320157.0419,0.002286555095933832,1.2977686357739867e+43,1534.68896484375,-571.0821533203125,2551.064453125,16.740425865053716,1.0551046747329507,17.710720293242716,,,,,,
2.79,2,1981811918.0,19512.0,4975699.167,0.011415683135977116,6.47914216287655e+43,2519.9365234375,-1871.7525634765625,-2561.48583984375,1981829732.0,19512.0,2115344.64,0.00205514812426383,1.1664301386317952e+43,2518.147216796875,-1872.4642333984375,-2562.298583984375,1982173321.0,19512.0,7479188.841,0.0038994763731093284,2.2132062953402059e+43,2522.248291015625,-1873.7996826171875,-2560.890380859375,2.0901304672212597,3.144763506729254,4.537099338213312,,,,,,
2.79,3,1981821217.0,101288.0,7629297.870000001,0.005839860256086926,3.314500267730249e+43,992.6083984375,-2615.618896484375,1816.6697998046875,1981825173.0,101288.0,42536466.63,0.052386483900990564,2.9732734569170328e+44,992.0081787109375,-2615.97802734375,1816.8414306640625,1982870188.0,101288.0,2388822.2249999996,0.004468234240907036,2.536013352773521e+43,992.9111328125,-2618.550537109375,1817.76220703125,0.7202054194464169,3.143170120213509,2.877666019908416,,,,,,
2.79,4,1981839323.0,116000.0,4677253.188,0.007056634881929623,4.0050989543887826e+43,-2623.902587890625,-1136.0626220703125,1123.8782958984375,1982125023.0,116000.0,3331687.719,0.002560323427074906,1.4531499577700665e+43,-2623.71337890625,-1134.977783203125,1124.557373046875,1983000859.0,116000.0,1079048.7696,0.0034606393883264467,1.9641377834632763e+43,-2624.107666015625,-1134.786865234375,1123.615966796875,1.2937624129100689,1.3184950130058761,1.0383437402661904,,,,,,
2.93,0,1981808650.0,76443.0,23065300.62,0.048189443412258434,2.7350641297490122e+44,1412.450439453125,503.08917236328125,1049.8773193359375,1981813781.0,76443.0,13583284.2,0.004084760239374361,2.3183669323094624e+43,1412.912353515625,502.2694091796875,1050.75439453125,1982040170.0,76443.0,21197648.82,0.006739675604761712,3.825203963247921e+43,1410.7301025390625,501.3149719238281,1050.1566162109375,1.2863270099564397,2.487037000453856,2.455709412841021,,,,,,
2.93,1,1981808959.0,117455.0,56969154.089999996,0.026811665353645847,1.5217362761433556e+44,-2147.23388671875,-1046.7293701171875,2580.39892578125,1981815952.0,117455.0,13255708.428,0.01032625481418308,5.860820780871633e+43,-2147.598876953125,-1047.42626953125,2580.13671875,1982181437.0,117455.0,4993977.465,0.0030186366249629463,1.713272486476275e+43,-2146.41748046875,-1045.48828125,2581.541259765625,0.8292401291222656,1.8739657609342486,2.669125642626972,,,,,,
2.93,2,1981808997.0,100591.0,78312551.42999999,0.09439550747280433,5.3575585899513965e+44,1198.114013671875,-2506.003662109375,1681.9647216796875,1981811455.0,100599.0,8002131.345,0.004730135670109619,2.6846594366085065e+43,1199.698486328125,-2488.390625,1689.7056884765625,1982359789.0,100591.0,1160761.5225000002,0.002438331293728105,1.3839114929938747e+43,1195.0206298828125,-2510.79248046875,1681.1927490234375,19.304201531401034,5.753064081645486,24.41711710047458,,,,,,
2.93,3,1981810761.0,94728.0,3870718.311,0.003602193554077278,2.0444789730988383e+43,1838.6011962890625,-3003.35107421875,99.15274810791016,1981818362.0,94728.0,18065628.609,0.0041858410702293085,2.3757368737531663e+43,1838.503173828125,-3002.885498046875,97.50462341308594,1982474749.0,94728.0,3788565.525,0.0034141300960765526,1.9377407371549265e+43,1837.9552001953125,-3002.412353515625,98.44131469726562,1.7154254820176384,1.3433707639356542,1.1838629192468624,,,,,,
2.93,4,1981811972.0,70570.0,90536909.88,0.0043124674457152064,2.447605572154341e+43,1724.46875,3128.4970703125,1805.1802978515625,1982047724.0,70570.0,15543203.574,0.004147179476087392,2.3537939061965885e+43,1722.1124267578125,3128.2314453125,1806.001220703125,1982200232.0,70570.0,26855757.689999998,0.007498175174626979,4.2557017692136203e+43,1725.18408203125,3127.1005859375,1805.3040771484375,2.5093286334227964,1.5739090948610281,3.3466278820185726,,,,,,
2.93,5,1981815303.0,25185.0,36300540.54,0.07380507380395569,4.1889176479537445e+44,1311.621337890625,-474.90460205078125,-1890.0013427734375,1982245919.0,25185.0,13008413.807999998,0.002408876203259643,1.367193814665532e+43,1310.7510986328125,-474.53192138671875,-1890.8367919921875,1982477778.0,25185.0,3508377.9329999997,0.0035353117138228938,2.0065191816469128e+43,1311.5821533203125,-473.78338623046875,-1890.614501953125,1.2626094567656707,1.2785243548343752,1.1403375093472732,,,,,,
2.93,6,1981826424.0,58662.0,24827623.23,0.007761306680446728,4.405046001479927e+43,-2532.706298828125,1606.4578857421875,2060.122802734375,1981844761.0,58662.0,4059096.282,0.00437139192986861,2.481049046816043e+43,-2531.629638671875,1606.9423828125,2060.862060546875,1982495406.0,58662.0,7357592.364,0.004253657387293634,2.4142270415327627e+43,-2532.072998046875,1610.006591796875,2058.617919921875,1.392995555104163,3.906284272997229,3.8238869465636993,,,,,,
2.93,7,1981854146.0,96746.0,11194262.865,0.02718717246359989,1.5430487453104049e+44,363.6702575683594,-1636.123046875,362.6990051269531,1982370541.0,96746.0,3542525.298,0.0024065304757571364,1.365862461843009e+43,365.1455078125,-1639.6903076171875,362.3787841796875,1982420747.0,96746.0,3824863.2780000004,0.00233137660863924,1.3232077574905213e+43,364.62933349609375,-1637.881103515625,363.218505859375,3.873532488653836,2.068929867779978,2.0602883063700643,,,,,,
2.98,0,1981809775.0,60333.0,50487128.04,0.008838529590845613,5.016440019205053e+43,-2812.447265625,2532.12255859375,2846.500732421875,1981814844.0,60333.0,104809712.00999999,0.018322467986598263,1.0399191484720849e+44,-2811.312744140625,2528.274169921875,2838.35205078125,1982956101.0,60338.0,7345944.429,0.006704918788718481,3.805477211060544e+43,-2820.311279296875,2557.461181640625,2841.201416015625,9.082854553970531,27.054967812152583,30.67530228486073,,,,,,
2.98,1,1981824322.0,80038.0,9399624.702,0.007206437235849836,4.0901215269165476e+43,784.21435546875,1236.3260498046875,2023.14892578125,1982552077.0,80038.0,1278501.2388,0.0025403036917435572,1.4417874567502036e+43,783.5667724609375,1236.2099609375,2023.082275390625,1983239500.0,80038.0,1124081.4783,0.007747432560462394,4.397171536615007e+43,783.82421875,1236.380859375,2023.2681884765625,0.6612735074557475,0.41162402603353915,0.3606224385902768,,,,,,
2.98,2,1982028670.0,8418.0,6118789.677,0.0022577007405574752,1.2813919136562893e+43,-1245.627197265625,-654.3460693359375,-552.9520263671875,1982341813.0,8418.0,2161717.359,0.004312567568230558,2.447662398189449e+43,-1244.91845703125,-654.2027587890625,-551.7683715820312,1982370036.0,8418.0,1048224.5505,0.006111573691793894,3.468715303005787e+43,-1245.0802001953125,-653.4077758789062,-552.5059204101562,1.38704336020574,1.1741426367085388,1.0964200620337123,,,,,,
3.0,0,1981808997.0,99072.0,74437472.61,0.04204664103115272,2.3864201683534083e+44,1181.3741455078125,-2467.066650390625,1650.4320068359375,1981809470.0,99072.0,37171049.46,0.013265899542273014,7.529260231649628e+43,1179.4892578125,-2466.293212890625,1650.7877197265625,1983251148.0,99072.0,6842873.103,0.0020048103377364717,1.1378601729809953e+43,1179.5087890625,-2466.40185546875,1649.8284912109375,2.068221180363336,2.0702024214648223,0.9655589182936224,,,,,,
3.0,1,1981810849.0,105112.0,91079882.85000001,0.03829466896184937,2.173471366791584e+44,-735.4439086914062,-40.95003128051758,1616.8634033203125,1981985461.0,105112.0,9093094.857,0.0020630482674988968,1.1709139834019582e+43,-735.6048583984375,-41.72335433959961,1615.240966796875,1982196661.0,105112.0,1174245.2517000001,0.0026456182746761986,1.5015603276784602e+43,-735.470703125,-41.56858825683594,1616.53076171875,1.804503708637197,0.7028378971809832,1.3059560169698057,,,,,,
3.0,2,1981814844.0,60105.0,104342599.95,0.03392336761901845,1.9253716035131557e+44,-2796.71044921875,2516.6357421875,2822.44384765625,1981816385.0,60114.0,21250213.86,0.0022056418003138464,1.2518450814019713e+43,-2784.25439453125,2513.192626953125,2798.70361328125,1982860481.0,60105.0,1360323.5022,0.003501422626246036,1.9872849217638014e+43,-2800.350341796875,2514.56640625,2829.47265625,27.02974415482151,8.181388601581782,34.75198977248766,,,,,,
3.0,3,1981978879.0,118031.0,1151638.3023,0.0025999624076762,1.4756476556693613e+43,-2113.2080078125,-1026.4090576171875,2541.001708984375,1982102827.0,118031.0,4108674.672,0.002988785812171907,1.696330210009173e+43,-2111.260986328125,-1025.9749755859375,2543.50390625,1982740097.0,118031.0,2487122.832,0.010744528541408423,6.098218307538117e+43,-2113.70654296875,-1025.54638671875,2540.678466796875,3.2000485975330406,1.0474845549257328,3.7613220817762203,,,,,,
